{
    "evil_pattern": {
        "pattern": "^([a-zA-Z0-9])(([\\-.]|[_]+)?([a-zA-Z0-9]+))*(@){1}[a-z0-9]+[.]{1}(([a-z]{2,3})|([a-z]{2,3}[.]{1}[a-z]{2,3}))$",
        "1": 0.0001850128173828125,
        "2": 5.0067901611328125e-06,
        "3": 2.1457672119140625e-06,
        "4": 3.0994415283203125e-06,
        "5": 1.6689300537109375e-06,
        "6": 9.298324584960938e-06,
        "7": 1.0728836059570312e-05,
        "8": 2.1219253540039062e-05,
        "9": 3.600120544433594e-05,
        "10": 6.508827209472656e-05,
        "11": 0.0001270771026611328,
        "12": 0.00025177001953125,
        "13": 0.000530242919921875,
        "14": 0.0009980201721191406,
        "15": 0.0018780231475830078,
        "16": 0.003741025924682617,
        "17": 0.007205963134765625,
        "18": 0.013599872589111328,
        "19": 0.025225162506103516,
        "20": 0.049369096755981445,
        "21": 0.10023188591003418,
        "22": 0.20373797416687012,
        "23": 0.40408873558044434,
        "24": 0.8065810203552246,
        "25": 1.6188678741455078,
        "26": 3.3007972240448,
        "27": 6.478795051574707,
        "28": 12.881408929824829,
        "29": 26.402304887771606
    },
    "good_pattern_0": {
        "pattern": "^[a-z0-9!#$%&'*+/=?^_`{|}~-]+(?:\\.[a-z0-9!#$%&'*+/=?^_`{|}~-]+)*@(?:[a-z0-9](?:[a-z0-9-]*[a-z0-9])?\\.)+[a-z0-9](?:[a-z0-9-]*[a-z0-9])?$",
        "1": 0.00023102760314941406,
        "2": 3.814697265625e-06,
        "3": 2.1457672119140625e-06,
        "4": 1.9073486328125e-06,
        "5": 2.6226043701171875e-06,
        "6": 3.0994415283203125e-06,
        "7": 3.0994415283203125e-06,
        "8": 2.1457672119140625e-06,
        "9": 1.9073486328125e-06,
        "10": 3.0994415283203125e-06,
        "11": 1.9073486328125e-06,
        "12": 1.1920928955078125e-06,
        "13": 9.5367431640625e-07,
        "14": 1.9073486328125e-06,
        "15": 2.1457672119140625e-06,
        "16": 1.9073486328125e-06,
        "17": 2.1457672119140625e-06,
        "18": 1.9073486328125e-06,
        "19": 1.9073486328125e-06,
        "20": 2.1457672119140625e-06,
        "21": 1.9073486328125e-06,
        "22": 3.0994415283203125e-06,
        "23": 1.6689300537109375e-06,
        "24": 2.1457672119140625e-06,
        "25": 2.1457672119140625e-06,
        "26": 1.9073486328125e-06,
        "27": 1.6689300537109375e-06,
        "28": 2.1457672119140625e-06,
        "29": 2.1457672119140625e-06
    },
    "good_pattern_1": {
        "pattern": "(?:[a-z0-9!#$%&'*+/=?^_`{|}~-]+(?:\\.[a-z0-9!#$%&'*+/=?^_`{|}~-]+)*|\"(?:[\\x01-\\x08\\x0b\\x0c\\x0e-\\x1f\\x21\\x23-\\x5b\\x5d-\\x7f]|\\\\[\\x01-\\x09\\x0b\\x0c\\x0e-\\x7f])*\")@(?:(?:[a-z0-9](?:[a-z0-9-]*[a-z0-9])?\\.)+[a-z0-9](?:[a-z0-9-]*[a-z0-9])?|\\[(?:(?:25[0-5]|2[0-4][0-9]|[01]?[0-9][0-9]?)\\.){3}(?:25[0-5]|2[0-4][0-9]|[01]?[0-9][0-9]?|[a-z0-9-]*[a-z0-9]:(?:[\\x01-\\x08\\x0b\\x0c\\x0e-\\x1f\\x21-\\x5a\\x53-\\x7f]|\\\\[\\x01-\\x09\\x0b\\x0c\\x0e-\\x7f])+)\\])",
        "1": 0.0004019737243652344,
        "2": 3.0994415283203125e-06,
        "3": 1.9073486328125e-06,
        "4": 1.9073486328125e-06,
        "5": 3.0994415283203125e-06,
        "6": 2.1457672119140625e-06,
        "7": 2.1457672119140625e-06,
        "8": 1.9073486328125e-06,
        "9": 2.1457672119140625e-06,
        "10": 2.1457672119140625e-06,
        "11": 1.9073486328125e-06,
        "12": 1.6689300537109375e-06,
        "13": 2.1457672119140625e-06,
        "14": 1.9073486328125e-06,
        "15": 2.1457672119140625e-06,
        "16": 2.1457672119140625e-06,
        "17": 1.6689300537109375e-06,
        "18": 3.0994415283203125e-06,
        "19": 2.1457672119140625e-06,
        "20": 1.9073486328125e-06,
        "21": 2.1457672119140625e-06,
        "22": 2.1457672119140625e-06,
        "23": 1.9073486328125e-06,
        "24": 2.1457672119140625e-06,
        "25": 2.1457672119140625e-06,
        "26": 2.86102294921875e-06,
        "27": 1.9073486328125e-06,
        "28": 2.1457672119140625e-06,
        "29": 2.1457672119140625e-06
    }
}